Gen,Avg Gen Fitness,Fit of Gen best,Fit of Total Best,total best contact cnt,total best overlaps cnt
0,0.6666666666666665,2.0,2.0,2,0
1,0.68,2.0,2.0,2,0
2,1.1433333333333335,2.0,2.0,2,0
3,1.146666666666667,2.0,2.0,2,0
4,1.366666666666667,2.0,2.0,2,0
