fitness;overlaps
4.0;0
4.0;0
4.0;0
4.0;0
4.0;0
4.0;0
4.0;0
1.6666666666666667;2
4.0;0
1.6666666666666667;2
1.6666666666666667;2
4.0;0
4.0;0
4.0;0
4.0;0
4.0;0
4.0;0
4.0;0
4.0;0
4.0;0
4.0;0
4.0;0
4.0;0
4.0;0
1.5;1
4.0;0
4.0;0
4.0;0
4.0;0
1.5;1
4.0;0
4.0;0
4.0;0
4.0;0
4.0;0
4.0;0
4.0;0
4.0;0
4.0;0
4.0;0
4.0;0
4.0;0
4.0;0
4.0;0
4.0;0
4.0;0
4.0;0
4.0;0
4.0;0
4.0;0
4.0;0
4.0;0
4.0;0
4.0;0
1.5;1
4.0;0
4.0;0
4.0;0
4.0;0
4.0;0
4.0;0
4.0;0
4.0;0
4.0;0
4.0;0
4.0;0
4.0;0
4.0;0
4.0;0
4.0;0
4.0;0
4.0;0
4.0;0
4.0;0
4.0;0
4.0;0
4.0;0
4.0;0
4.0;0
4.0;0
4.0;0
4.0;0
4.0;0
1.5;1
4.0;0
4.0;0
4.0;0
4.0;0
4.0;0
2.0;0
4.0;0
4.0;0
4.0;0
4.0;0
4.0;0
4.0;0
4.0;0
4.0;0
4.0;0
4.0;0
1.5;1
4.0;0
4.0;0
4.0;0
4.0;0
4.0;0
4.0;0
4.0;0
4.0;0
4.0;0
4.0;0
4.0;0
4.0;0
4.0;0
4.0;0
4.0;0
4.0;0
4.0;0
4.0;0
4.0;0
1.5;1
4.0;0
4.0;0
4.0;0
4.0;0
1.5;1
4.0;0
4.0;0
4.0;0
4.0;0
4.0;0
4.0;0
1.5;1
4.0;0
4.0;0
4.0;0
4.0;0
4.0;0
4.0;0
4.0;0
4.0;0
4.0;0
4.0;0
4.0;0
4.0;0
4.0;0
4.0;0
4.0;0
4.0;0
4.0;0
4.0;0
4.0;0
4.0;0
4.0;0
4.0;0
4.0;0
4.0;0
4.0;0
4.0;0
1.5;1
4.0;0
4.0;0
4.0;0
4.0;0
4.0;0
4.0;0
4.0;0
4.0;0
4.0;0
4.0;0
4.0;0
4.0;0
4.0;0
4.0;0
4.0;0
4.0;0
4.0;0
4.0;0
4.0;0
4.0;0
4.0;0
4.0;0
4.0;0
4.0;0
4.0;0
4.0;0
4.0;0
4.0;0
4.0;0
4.0;0
4.0;0
4.0;0
4.0;0
4.0;0
4.0;0
4.0;0
4.0;0
4.0;0
4.0;0
4.0;0
