fitness;overlaps
1.3333333333333333;2
1.5;1
1.0;0
1.5;1
1.5;1
1.5;1
1.5;1
1.0;1
1.0;0
1.4285714285714286;6
4.0;0
1.0;0
1.5;1
1.0;0
1.5;1
1.5;1
1.5;1
1.0;1
1.6666666666666667;2
1.5;1
1.5;1
1.0;0
1.5;1
1.5;1
1.5;1
1.0;4
1.3333333333333333;2
1.0;0
1.0;4
1.3333333333333333;2
1.0;0
1.0;0
1.5;1
1.5;1
1.5;1
1.0;0
1.5;1
1.5;1
1.5;1
1.5;1
1.5;1
1.5;1
1.0;0
1.0;1
1.0;0
1.0;2
1.5;1
1.0;0
1.3333333333333333;2
1.5;1
1.5;1
1.5;1
1.0;0
1.5;1
1.0;1
1.5;1
1.0;4
1.5;1
1.0;0
1.5;1
1.5;1
1.3333333333333333;2
1.0;0
1.6666666666666667;2
1.5;1
1.0;0
0.0;0
1.0;1
1.6666666666666667;2
1.0;0
1.5;1
1.0;0
1.5;1
1.0;1
1.5;1
1.5;1
1.0;1
0.0;0
1.0;0
1.5;1
1.5;1
1.5;1
1.6666666666666667;2
1.5;1
1.0;0
1.0;0
1.0;1
1.0;0
1.5;1
1.0;0
1.5;1
1.3333333333333333;2
4.0;0
1.5;1
1.0;0
1.0;0
1.0;3
1.5;1
1.0;1
1.5;1
1.0;1
1.0;1
1.5;1
1.5;1
1.5;1
1.0;0
1.5;1
1.0;1
1.0;4
1.3333333333333333;2
1.0;1
1.6666666666666667;2
1.0;0
4.0;0
1.0;0
1.3333333333333333;2
1.0;0
1.3333333333333333;2
1.5;1
1.5;1
1.5;1
4.0;0
1.0;1
1.5;1
1.3333333333333333;2
1.0;0
1.0;0
4.0;0
1.5;1
1.0;1
1.6666666666666667;2
1.5;1
1.0;1
1.0;0
1.6666666666666667;2
1.6666666666666667;2
1.5;1
1.5;1
1.5;1
1.5;1
1.0;0
1.6666666666666667;2
1.0;0
1.5;1
1.0;0
1.0;1
1.4285714285714286;6
1.5;1
1.0;0
1.5;1
1.0;4
1.5;1
1.0;1
1.5;1
1.5;1
1.0;0
2.0;0
1.5;1
1.5;1
1.3333333333333333;2
1.0;0
1.5;1
1.5;1
1.4285714285714286;6
1.5;1
1.0;4
1.5;1
1.0;4
1.0;1
1.0;1
1.5;1
1.0;0
1.5;1
1.5;1
1.0;1
1.5;1
1.5;1
1.5;1
1.0;0
1.5;1
1.5;1
1.5;1
1.0;4
1.0;1
1.5;1
1.5;1
1.0;0
1.5;1
1.0;0
1.5;1
1.0;1
1.5;1
1.0;0
1.5;1
1.5;1
1.5;1
1.3333333333333333;2
1.0;1
1.5;1
2.0;0
